{"2": [24198264.200666964, 28863440.94444351, 33270001.148331646, 37553948.20013763, 41757285.92109379, 45790390.649100706, 49742041.05346024, 53616531.2151789, 57441243.264177024, 61146055.04620315], "4": [26484807.39413671, 33330521.03068218, 39886499.960852034, 46259267.61980139, 52469690.18084988, 58458257.11011698, 64057677.62524079, 70061680.93902785, 75315434.46978994, 79977239.79768948], "6": [27736015.65145083, 35871389.24923533, 43775243.70044307, 51444679.76847142, 58846054.069521256, 66119202.922327384, 72330428.278673, 78710547.73478292, 84648645.79854389, 90705881.93816274], "8": [28447709.64532416, 37280504.29448119, 45827714.21682936, 54142071.67840834, 62288769.2426817, 69835501.0690678, 76488082.21983999, 83465276.09713222, 89747857.13171645, 95542419.0763853], "10": [28966069.086988572, 38311889.645500205, 47368466.726949155, 56190622.607311904, 64383686.673088975, 71788787.76691541, 79741318.3425242, 86209873.1380863, 93760443.52576275, 100385375.49069096]}