{"2": {"1": {"Dispatch": 912319.866642, "Dispatch DA": 353429.958429, "Total Revenue": 25464221.76051621, "sim_id": 0, "average_LMP": 25.30260035883424}, "2": {"Dispatch": 943512.6913660001, "Dispatch DA": 331810.53203299997, "Total Revenue": 26514395.39099281, "sim_id": 1, "average_LMP": 26.25908332661658}, "3": {"Dispatch": 984362.514074, "Dispatch DA": 323492.78505099996, "Total Revenue": 26459409.613711692, "sim_id": 2, "average_LMP": 26.031995422700366}, "4": {"Dispatch": 999039.1208080001, "Dispatch DA": 301078.89190499997, "Total Revenue": 26793675.554245025, "sim_id": 3, "average_LMP": 26.942774608720402}, "5": {"Dispatch": 1021125.644164, "Dispatch DA": 309885.82139500004, "Total Revenue": 28239545.188045587, "sim_id": 4, "average_LMP": 27.57596478107924}, "6": {"Dispatch": 1051797.366511, "Dispatch DA": 290528.97991699993, "Total Revenue": 28713696.17617377, "sim_id": 5, "average_LMP": 27.902948530737707}, "7": {"Dispatch": 1066102.984329, "Dispatch DA": 300383.75969400007, "Total Revenue": 28202123.340855688, "sim_id": 6, "average_LMP": 27.874477563183063}, "8": {"Dispatch": 1094751.800395, "Dispatch DA": 291516.266478, "Total Revenue": 29106373.26097659, "sim_id": 7, "average_LMP": 27.567742379895265}, "9": {"Dispatch": 1087590.465545, "Dispatch DA": 283186.640248, "Total Revenue": 28223061.60183818, "sim_id": 8, "average_LMP": 27.584511962090165}, "10": {"Dispatch": 1085409.894351, "Dispatch DA": 265696.96667999995, "Total Revenue": 30060180.817558438, "sim_id": 9, "average_LMP": 27.905673399476324}}, "4": {"1": {"Dispatch": 936415.691397, "Dispatch DA": 358810.98444100004, "Total Revenue": 25512888.698200457, "sim_id": 0, "average_LMP": 25.015255591188527}, "2": {"Dispatch": 979329.675708, "Dispatch DA": 342018.719434, "Total Revenue": 27656393.797434956, "sim_id": 1, "average_LMP": 25.623024675432603}, "3": {"Dispatch": 1028459.134279, "Dispatch DA": 327315.269874, "Total Revenue": 27697938.12386784, "sim_id": 2, "average_LMP": 26.00937293032787}, "4": {"Dispatch": 1046870.013206, "Dispatch DA": 326345.87683100003, "Total Revenue": 28516525.606890343, "sim_id": 3, "average_LMP": 26.184114657559203}, "5": {"Dispatch": 1084496.2583579998, "Dispatch DA": 308604.064148, "Total Revenue": 28996008.211189564, "sim_id": 4, "average_LMP": 26.905315435223134}, "6": {"Dispatch": 1104321.91798, "Dispatch DA": 305373.614582, "Total Revenue": 30050541.08520934, "sim_id": 5, "average_LMP": 26.68182550546448}, "7": {"Dispatch": 1119128.277748, "Dispatch DA": 311500.900409, "Total Revenue": 30466389.126246694, "sim_id": 6, "average_LMP": 27.577603284153003}, "8": {"Dispatch": 1162584.208255, "Dispatch DA": 318628.42716900003, "Total Revenue": 30870588.289520875, "sim_id": 7, "average_LMP": 27.439824404485428}, "9": {"Dispatch": 1162040.2021189998, "Dispatch DA": 305497.912154, "Total Revenue": 30732902.005982835, "sim_id": 8, "average_LMP": 27.050736540072858}, "10": {"Dispatch": 1163134.7680009997, "Dispatch DA": 294491.11160599993, "Total Revenue": 31344944.49382025, "sim_id": 9, "average_LMP": 27.261046007855192}}, "6": {"1": {"Dispatch": 944984.868515, "Dispatch DA": 362115.070009, "Total Revenue": 25963153.414797377, "sim_id": 0, "average_LMP": 24.800491672472678}, "2": {"Dispatch": 1010200.159068, "Dispatch DA": 344394.683539, "Total Revenue": 29181236.986789938, "sim_id": 1, "average_LMP": 25.499740961748635}, "3": {"Dispatch": 1057758.792603, "Dispatch DA": 350739.909058, "Total Revenue": 29289612.452272747, "sim_id": 2, "average_LMP": 25.71939476240893}, "4": {"Dispatch": 1096733.142339, "Dispatch DA": 332724.470893, "Total Revenue": 30085658.27974681, "sim_id": 3, "average_LMP": 26.25399868044171}, "5": {"Dispatch": 1127344.724266, "Dispatch DA": 341397.749183, "Total Revenue": 31569577.311175626, "sim_id": 4, "average_LMP": 26.75432863718124}, "6": {"Dispatch": 1156540.63813, "Dispatch DA": 313960.575703, "Total Revenue": 30945352.16491012, "sim_id": 5, "average_LMP": 26.455063210837885}, "7": {"Dispatch": 1187855.3727829999, "Dispatch DA": 350764.753059, "Total Revenue": 31175850.64044527, "sim_id": 6, "average_LMP": 26.525662249203098}, "8": {"Dispatch": 1204722.2069090002, "Dispatch DA": 334905.512611, "Total Revenue": 32905660.422001768, "sim_id": 7, "average_LMP": 26.283342791325143}, "9": {"Dispatch": 1225392.400773, "Dispatch DA": 308216.489841, "Total Revenue": 31750722.639375087, "sim_id": 8, "average_LMP": 26.699705859858838}, "10": {"Dispatch": 1259878.4920740002, "Dispatch DA": 354078.59627499996, "Total Revenue": 33669173.50989643, "sim_id": 9, "average_LMP": 26.094243906306925}}, "8": {"1": {"Dispatch": 948354.438394, "Dispatch DA": 368301.140987, "Total Revenue": 26432163.37218863, "sim_id": 0, "average_LMP": 24.308264694444446}, "2": {"Dispatch": 1021570.868786, "Dispatch DA": 366042.61952799995, "Total Revenue": 29503981.279795002, "sim_id": 1, "average_LMP": 25.264336202982697}, "3": {"Dispatch": 1062535.933971, "Dispatch DA": 363101.40838700003, "Total Revenue": 30636325.994263772, "sim_id": 2, "average_LMP": 25.527039688410746}, "4": {"Dispatch": 1122667.180632, "Dispatch DA": 370929.359537, "Total Revenue": 31768251.567845665, "sim_id": 3, "average_LMP": 26.144818525273227}, "5": {"Dispatch": 1167662.1505749999, "Dispatch DA": 346558.837891, "Total Revenue": 31874870.63067168, "sim_id": 4, "average_LMP": 25.76858094387523}, "6": {"Dispatch": 1216671.2268229998, "Dispatch DA": 356917.262133, "Total Revenue": 33384473.60438678, "sim_id": 5, "average_LMP": 25.52444105441712}, "7": {"Dispatch": 1235116.136425, "Dispatch DA": 333903.056511, "Total Revenue": 33957978.41200882, "sim_id": 6, "average_LMP": 26.51103663683971}, "8": {"Dispatch": 1272528.8617969998, "Dispatch DA": 382645.75680900004, "Total Revenue": 33934273.08332096, "sim_id": 7, "average_LMP": 25.53197360894809}, "9": {"Dispatch": 1292584.231327, "Dispatch DA": 398572.886066, "Total Revenue": 33031986.321041297, "sim_id": 8, "average_LMP": 25.290223158356103}, "10": {"Dispatch": 1303946.2755810001, "Dispatch DA": 377394.259723, "Total Revenue": 34340737.58237685, "sim_id": 9, "average_LMP": 25.724866713114753}}, "10": {"1": {"Dispatch": 967750.6043329999, "Dispatch DA": 382075.500156, "Total Revenue": 27037700.2510411, "sim_id": 0, "average_LMP": 24.48604093169399}, "2": {"Dispatch": 1028313.0133100001, "Dispatch DA": 356292.13842599996, "Total Revenue": 29775762.59131886, "sim_id": 1, "average_LMP": 25.1509903458561}, "3": {"Dispatch": 1098346.67616, "Dispatch DA": 362212.59792, "Total Revenue": 31991980.53734609, "sim_id": 2, "average_LMP": 25.42297706728142}, "4": {"Dispatch": 1173229.5957469998, "Dispatch DA": 391717.05000700004, "Total Revenue": 33542750.451223116, "sim_id": 3, "average_LMP": 25.4566874537796}, "5": {"Dispatch": 1223473.159179, "Dispatch DA": 388928.56996900006, "Total Revenue": 35517156.12267958, "sim_id": 4, "average_LMP": 26.218228771971766}, "6": {"Dispatch": 1252211.384946, "Dispatch DA": 389043.869528, "Total Revenue": 33668519.56386806, "sim_id": 5, "average_LMP": 25.679420565232245}, "7": {"Dispatch": 1297513.389379, "Dispatch DA": 411013.296734, "Total Revenue": 35016983.37372907, "sim_id": 6, "average_LMP": 25.56212419808743}, "8": {"Dispatch": 1320675.263043, "Dispatch DA": 398578.800354, "Total Revenue": 34721847.98155719, "sim_id": 7, "average_LMP": 25.42267058845629}, "9": {"Dispatch": 1347458.610124, "Dispatch DA": 389430.596803, "Total Revenue": 33872827.87444547, "sim_id": 8, "average_LMP": 26.01134630396175}, "10": {"Dispatch": 1373775.488818, "Dispatch DA": 443204.839253, "Total Revenue": 36037447.37296313, "sim_id": 9, "average_LMP": 24.999983467554646}}}